id,first_name,last_name,email,gender,ip_address
1,Jefferson,Jeggo,jjeggo0@alexa.com,Male,60.122.216.176
2,Hendrik,Sulter,hsulter1@github.io,Male,97.18.32.1
3,Denna,Roubert,droubert2@cornell.edu,Female,90.220.90.81
4,Adolphe,Stathers,astathers3@yale.edu,Male,230.134.55.152
5,Aguie,Ram,aram4@deviantart.com,Male,186.165.115.113
6,Salomone,Twiddell,stwiddell5@weather.com,Male,68.193.39.22
7,Rad,Ruller,rruller6@booking.com,Male,20.233.228.219
8,Jeddy,Colman,jcolman7@usatoday.com,Male,52.111.7.61
9,Milt,Cutts,mcutts8@newsvine.com,Male,227.132.135.7
10,Alonzo,Blazej,ablazej9@merriam-webster.com,Genderqueer,222.117.205.119
11,Shurlocke,Bucham,sbuchama@bloomberg.com,Male,33.48.0.174
12,Maynord,Toon,mtoonb@1688.com,Male,78.8.248.177
13,Nonie,Kobisch,nkobischc@blog.com,Female,82.138.124.117
14,Jase,McCumesky,jmccumeskyd@technorati.com,Male,197.94.208.255
15,Dennie,Attwooll,dattwoolle@examiner.com,Female,158.232.15.249
16,Aron,Siddele,asiddelef@naver.com,Male,39.208.68.101
17,Chad,Jones,cjonesg@delicious.com,Male,35.62.52.200
18,Ewen,Pixton,epixtonh@wikia.com,Male,33.180.149.214
19,Sofia,Shotbolt,sshotbolti@facebook.com,Female,111.24.129.170
20,Car,Slaughter,cslaughterj@hibu.com,Male,36.231.121.58
21,Nealy,Thomasson,nthomassonk@stumbleupon.com,Male,175.185.32.1
22,Yorker,Ollivier,yollivierl@photobucket.com,Male,149.89.22.182
23,Delmar,Ebhardt,debhardtm@quantcast.com,Male,59.162.245.21
24,Keslie,Miskin,kmiskinn@com.com,Female,66.67.98.157
25,Rhodie,Dymoke,rdymokeo@surveymonkey.com,Bigender,47.192.187.206
26,Murial,Jobbings,mjobbingsp@wunderground.com,Female,93.35.159.237
27,Sebastian,Pegler,speglerq@umich.edu,Male,59.196.162.82
28,Myrle,Deboo,mdeboor@newsvine.com,Female,62.194.106.116
29,Agnese,Venard,avenards@deliciousdays.com,Non-binary,61.104.96.162
30,Beverley,Gouldstraw,bgouldstrawt@booking.com,Female,230.20.178.207
31,Elna,Knapton,eknaptonu@symantec.com,Female,29.117.232.127
32,Sidonia,Ould,souldv@hhs.gov,Female,180.39.178.199
33,Ursula,Landon,ulandonw@squidoo.com,Female,253.170.161.212
34,Arny,Povlsen,apovlsenx@icio.us,Male,38.102.126.21
35,Marcelle,Cocks,mcocksy@utexas.edu,Female,111.201.197.63
36,May,Warrell,mwarrellz@twitter.com,Female,18.86.216.197
37,Gregoire,Schermick,gschermick10@liveinternet.ru,Male,0.206.47.217
38,Boris,Blowin,bblowin11@imageshack.us,Male,2.244.238.113
39,Massimo,Sicha,msicha12@csmonitor.com,Male,7.44.154.128
40,Janessa,Wyss,jwyss13@vimeo.com,Genderqueer,45.229.178.113
41,Decca,Bortolozzi,dbortolozzi14@blogtalkradio.com,Male,211.224.5.105
42,Andrea,Sall,asall15@cisco.com,Female,48.119.122.107
43,Jorge,Botham,jbotham16@kickstarter.com,Agender,196.71.88.141
44,Odey,Uff,ouff17@godaddy.com,Male,100.120.240.142
45,Carmine,Roache,croache18@netlog.com,Male,222.64.82.18
46,Olav,Silberschatz,osilberschatz19@furl.net,Male,3.225.206.210
47,Diane,Dredge,ddredge1a@vinaora.com,Female,236.75.57.233
48,Gardy,Britnell,gbritnell1b@posterous.com,Male,217.252.39.159
49,Prinz,Bergeau,pbergeau1c@toplist.cz,Male,133.0.1.79
50,Jacqueline,Colebeck,jcolebeck1d@telegraph.co.uk,Female,193.207.104.30
51,Carlo,Le Gallo,clegallo1e@prweb.com,Polygender,167.253.244.98
52,Haily,Westphalen,hwestphalen1f@sbwire.com,Male,240.38.63.255
53,Trev,Spain-Gower,tspaingower1g@google.ca,Male,89.158.172.8
54,Wylie,Vaud,wvaud1h@ihg.com,Male,174.27.250.24
55,Stewart,Pietraszek,spietraszek1i@quantcast.com,Male,123.130.164.28
56,Demetria,Sambidge,dsambidge1j@reddit.com,Female,0.88.197.149
57,Jessie,Purches,jpurches1k@admin.ch,Male,245.32.158.113
58,Guinna,Dace,gdace1l@histats.com,Female,187.133.89.186
59,Harlan,Blois,hblois1m@arstechnica.com,Male,37.69.228.4
60,Shea,Stanesby,sstanesby1n@creativecommons.org,Male,136.147.120.211
61,Langsdon,Sowood,lsowood1o@networkadvertising.org,Male,103.226.134.141
62,Erich,Downham,edownham1p@wired.com,Male,183.195.252.136
63,Rachael,Garlette,rgarlette1q@mayoclinic.com,Female,81.253.74.241
64,Bertram,Storek,bstorek1r@nationalgeographic.com,Male,20.172.42.217
65,Suzanne,Portlock,sportlock1s@so-net.ne.jp,Female,73.75.79.32
66,Phelia,Jeckells,pjeckells1t@telegraph.co.uk,Female,140.55.3.246
67,Tulley,Silverson,tsilverson1u@ebay.com,Male,168.193.87.173
68,Crosby,Hurl,churl1v@ning.com,Male,182.74.78.86
69,Lionello,O'Duggan,loduggan1w@fastcompany.com,Bigender,255.242.43.123
70,Tiebold,Gregor,tgregor1x@discuz.net,Male,183.42.121.237
71,Bruno,Stiller,bstiller1y@gnu.org,Bigender,114.11.92.18
72,Pru,Antognelli,pantognelli1z@timesonline.co.uk,Female,229.86.174.146
73,Bartolemo,Weatherall,bweatherall20@devhub.com,Male,137.30.114.64
74,Chadd,Ramalhete,cramalhete21@altervista.org,Male,164.5.171.63
75,Galina,Meyrick,gmeyrick22@wufoo.com,Female,125.6.249.102
76,Delores,Witterick,dwitterick23@state.tx.us,Polygender,210.92.254.41
77,Kylie,Seignior,kseignior24@princeton.edu,Female,211.87.55.152
78,Fredi,Huet,fhuet25@latimes.com,Female,62.132.36.203
79,Dave,Prendergrast,dprendergrast26@dell.com,Male,20.177.43.241
80,Leah,Barts,lbarts27@free.fr,Female,200.180.18.189
81,Broderick,Hounsom,bhounsom28@e-recht24.de,Male,109.115.205.249
82,Ronny,Cunnow,rcunnow29@edublogs.org,Male,179.106.115.33
83,Dante,Willimott,dwillimott2a@examiner.com,Male,78.17.31.115
84,Constancia,Wenderott,cwenderott2b@unicef.org,Female,212.232.11.66
85,Mildrid,Joselovitch,mjoselovitch2c@about.me,Female,82.232.30.235
86,Ashely,O'Geneay,aogeneay2d@blog.com,Female,193.123.21.155
87,Elie,Pryde,epryde2e@stanford.edu,Female,247.255.191.3
88,Rani,Roskell,rroskell2f@fotki.com,Female,15.116.123.146
89,Joellen,Bauchop,jbauchop2g@tumblr.com,Female,223.165.190.22
90,Killian,Sawood,ksawood2h@dropbox.com,Genderqueer,59.122.12.227
91,Kara-lynn,Conrad,kconrad2i@buzzfeed.com,Female,159.164.32.139
92,Klarika,Pauletti,kpauletti2j@deviantart.com,Female,155.97.104.45
93,Hanna,Pacheco,hpacheco2k@themeforest.net,Genderfluid,4.166.213.97
94,Bendix,Du Fray,bdufray2l@alexa.com,Male,91.22.146.156
95,Gaelan,Trunchion,gtrunchion2m@blog.com,Male,228.32.22.201
96,Bealle,Gaskarth,bgaskarth2n@yandex.ru,Male,15.0.39.44
97,Karla,Abramsky,kabramsky2o@vimeo.com,Female,92.118.158.211
98,Kerwinn,Ventum,kventum2p@reddit.com,Male,213.32.158.21
99,Orelia,Ciani,ociani2q@tripod.com,Female,134.218.44.172
100,Latisha,Ranklin,lranklin2r@cbc.ca,Female,65.10.69.60
101,Gelya,Whimpenny,gwhimpenny2s@cnn.com,Female,52.226.141.194
102,Kali,Allcott,kallcott2t@google.cn,Female,221.241.15.146
103,Whitaker,Bamlet,wbamlet2u@toplist.cz,Male,19.93.19.63
104,Lanny,Le-Good,llegood2v@vimeo.com,Male,33.165.71.30
105,Adora,Klagges,aklagges2w@earthlink.net,Female,156.107.87.97
106,Verine,Talbot,vtalbot2x@yolasite.com,Genderqueer,54.159.253.72
107,Lindsay,Colum,lcolum2y@un.org,Female,253.125.106.71
108,Hardy,Ritelli,hritelli2z@toplist.cz,Male,208.55.196.227
109,Niall,Waistall,nwaistall30@who.int,Male,181.94.74.10
110,Felike,Fellos,ffellos31@dell.com,Male,6.245.225.39
111,Earvin,Holwell,eholwell32@scribd.com,Male,54.206.150.186
112,Montague,Shipcott,mshipcott33@gravatar.com,Male,205.250.218.145
113,Loren,Siely,lsiely34@yahoo.com,Male,121.230.242.204
114,Zelda,Marson,zmarson35@ycombinator.com,Female,17.238.88.54
115,Rena,Vasiliu,rvasiliu36@yellowpages.com,Female,158.240.233.206
116,Reinwald,Haug,rhaug37@netscape.com,Male,3.223.210.150
117,Christoph,Marages,cmarages38@ed.gov,Male,102.91.168.63
118,Orsola,Sinnett,osinnett39@stumbleupon.com,Female,111.67.154.159
119,Pam,McCue,pmccue3a@moonfruit.com,Female,218.238.244.151
120,Johnathan,Warsop,jwarsop3b@google.pl,Male,29.52.130.21
121,Giselbert,Coldrick,gcoldrick3c@businesswire.com,Male,163.107.16.112
122,Emyle,Cherryman,echerryman3d@bloglovin.com,Female,2.134.101.172
123,Elvira,Schulken,eschulken3e@nih.gov,Female,33.54.19.226
124,Ervin,Cromly,ecromly3f@mac.com,Male,131.131.195.28
125,Philly,McIlvaney,pmcilvaney3g@livejournal.com,Female,11.3.129.252
126,Brendin,Tedahl,btedahl3h@twitter.com,Male,69.202.25.150
127,Kalle,Gimeno,kgimeno3i@npr.org,Male,139.70.252.24
128,Arte,Kolis,akolis3j@goo.gl,Male,117.248.143.237
129,Rebekkah,De Ruggero,rderuggero3k@ox.ac.uk,Female,8.192.6.88
130,Ambrosi,Malcolm,amalcolm3l@weather.com,Male,108.68.168.138
131,Tedi,Blaylock,tblaylock3m@usatoday.com,Female,103.197.242.42
132,Doll,Erickson,derickson3n@altervista.org,Female,45.47.31.15
133,Jobyna,Kenna,jkenna3o@moonfruit.com,Female,2.200.186.65
134,Ethelind,Sanja,esanja3p@networkadvertising.org,Female,127.88.247.4
135,Julianne,Gateland,jgateland3q@washingtonpost.com,Female,207.177.51.52
136,Gabbie,Yurin,gyurin3r@google.nl,Male,192.163.168.159
137,Marris,Strachan,mstrachan3s@nifty.com,Female,152.203.78.136
138,Devy,Skill,dskill3t@amazon.co.jp,Male,131.112.154.227
139,Zea,Joddens,zjoddens3u@prnewswire.com,Female,45.186.209.88
140,Thorin,Castaneda,tcastaneda3v@skyrock.com,Male,205.87.152.64
141,Amelita,Minocchi,aminocchi3w@nbcnews.com,Female,59.54.138.135
142,Tawsha,Ackland,tackland3x@linkedin.com,Female,126.199.37.73
143,Johann,Theis,jtheis3y@bbc.co.uk,Male,16.239.249.78
144,Dianne,Fawckner,dfawckner3z@toplist.cz,Female,71.84.214.237
145,Adrianne,Sumpter,asumpter40@macromedia.com,Female,157.229.197.51
146,Leone,Marciskewski,lmarciskewski41@hexun.com,Female,173.203.60.53
147,Hazlett,Barriball,hbarriball42@admin.ch,Male,4.239.43.197
148,Nikolas,Brixham,nbrixham43@oaic.gov.au,Agender,118.6.128.147
149,Dunstan,Squibbs,dsquibbs44@w3.org,Male,87.240.32.209
150,Evin,Oty,eoty45@163.com,Male,14.82.87.212
151,Bellina,Linskey,blinskey46@wunderground.com,Female,238.49.216.35
152,Teressa,Jaukovic,tjaukovic47@biblegateway.com,Female,43.30.117.115
153,Patin,Elcombe,pelcombe48@free.fr,Male,26.47.193.57
154,Tamma,Kindall,tkindall49@csmonitor.com,Female,225.172.58.187
155,Adelaida,Loyns,aloyns4a@instagram.com,Female,148.67.102.149
156,Jo-anne,Denisot,jdenisot4b@yolasite.com,Female,59.247.56.42
157,Sacha,Ginnelly,sginnelly4c@ucoz.com,Female,117.241.38.17
158,Enoch,Stopforth,estopforth4d@chronoengine.com,Male,86.79.252.9
159,Malia,Vischi,mvischi4e@unicef.org,Female,136.66.37.62
160,Ingmar,Cammell,icammell4f@yelp.com,Male,79.50.19.166
161,Gary,Belone,gbelone4g@miitbeian.gov.cn,Male,162.49.67.250
162,Von,Cappell,vcappell4h@icq.com,Male,172.199.123.129
163,Marj,Brotherick,mbrotherick4i@moonfruit.com,Genderfluid,206.72.92.176
164,Dorri,Boys,dboys4j@wikia.com,Female,100.253.114.82
165,Glad,Jobin,gjobin4k@phoca.cz,Female,85.55.173.140
166,Celine,Alyutin,calyutin4l@cornell.edu,Female,4.188.133.32
167,Darrell,Walster,dwalster4m@quantcast.com,Male,73.109.87.141
168,Engelbert,Craddy,ecraddy4n@linkedin.com,Male,170.116.238.42
169,Karena,Seery,kseery4o@buzzfeed.com,Female,202.87.29.222
170,Maxine,Fannon,mfannon4p@webeden.co.uk,Female,65.192.31.138
171,Eulalie,Vicent,evicent4q@hp.com,Female,19.234.209.141
172,Jillie,Pergens,jpergens4r@comsenz.com,Non-binary,71.123.99.8
173,Maurie,Nelles,mnelles4s@mlb.com,Male,251.212.104.63
174,Borg,Brooksbie,bbrooksbie4t@lulu.com,Male,209.138.25.125
175,Connor,Alexandersen,calexandersen4u@fc2.com,Bigender,58.176.228.243
176,Rancell,Jagson,rjagson4v@sakura.ne.jp,Male,190.170.93.106
177,Dev,Thackray,dthackray4w@rakuten.co.jp,Male,69.240.101.163
178,Padraic,De Zamudio,pdezamudio4x@goodreads.com,Male,118.183.203.148
179,Guenevere,Vasenin,gvasenin4y@abc.net.au,Female,49.211.148.241
180,Gallagher,Scotchmur,gscotchmur4z@uiuc.edu,Male,199.197.128.59
181,Olimpia,Loughney,oloughney50@example.com,Female,208.82.49.40
182,Natka,Stonhouse,nstonhouse51@hostgator.com,Female,120.205.250.232
183,Meredithe,Dawidowitz,mdawidowitz52@engadget.com,Female,108.6.240.125
184,Merlina,O'Boyle,moboyle53@gnu.org,Female,46.221.166.227
185,Herbert,Fleetwood,hfleetwood54@mozilla.org,Male,64.229.148.199
186,Nicol,Battrick,nbattrick55@soup.io,Male,64.81.99.113
187,Gauthier,Fargie,gfargie56@spiegel.de,Male,55.128.182.173
188,Davin,Grassett,dgrassett57@acquirethisname.com,Male,4.223.190.106
189,Vaclav,Loosemore,vloosemore58@nymag.com,Male,188.219.158.170
190,Dalila,Eisak,deisak59@liveinternet.ru,Female,241.227.238.149
191,Lanny,Offner,loffner5a@instagram.com,Male,152.25.18.237
192,Jereme,Whitney,jwhitney5b@scribd.com,Polygender,109.50.174.236
193,Hyacintha,Lefridge,hlefridge5c@themeforest.net,Female,51.160.149.142
194,Valentijn,Alford,valford5d@narod.ru,Male,50.195.165.91
195,Berkeley,Blodgetts,bblodgetts5e@so-net.ne.jp,Male,131.9.100.126
196,Bartel,Minker,bminker5f@sphinn.com,Male,56.133.151.192
197,Crissy,Spaight,cspaight5g@aol.com,Female,82.195.64.40
198,Othello,Skett,oskett5h@dmoz.org,Male,118.190.49.10
199,Sigfrid,Heyworth,sheyworth5i@pcworld.com,Bigender,179.156.231.81
200,Marleah,Lovat,mlovat5j@sfgate.com,Genderqueer,223.240.51.118
201,Broddy,Wainscot,bwainscot5k@umich.edu,Bigender,133.68.201.146
202,Karmen,Pedrocchi,kpedrocchi5l@aboutads.info,Female,5.65.115.153
203,Irvine,Balmann,ibalmann5m@disqus.com,Male,49.41.206.62
204,Caresse,Mozzetti,cmozzetti5n@alexa.com,Female,74.222.7.206
205,Ardeen,Malimoe,amalimoe5o@harvard.edu,Female,119.187.65.61
206,Camellia,Payton,cpayton5p@oaic.gov.au,Female,37.56.93.87
207,Almeria,Broek,abroek5q@google.cn,Female,225.163.239.197
208,Ban,Kinnon,bkinnon5r@npr.org,Male,157.214.222.16
209,Carlyn,Eudall,ceudall5s@t.co,Female,232.134.147.60
210,Kipp,Braunthal,kbraunthal5t@harvard.edu,Female,48.212.151.78
211,Ignatius,Lambrook,ilambrook5u@miitbeian.gov.cn,Male,4.253.170.62
212,Coriss,Hodjetts,chodjetts5v@wikipedia.org,Female,217.41.130.144
213,Herbert,Harrhy,hharrhy5w@reference.com,Male,188.195.115.255
214,Antons,Sambrook,asambrook5x@upenn.edu,Male,76.28.146.194
215,Sutherland,Doughtery,sdoughtery5y@google.de,Male,53.253.148.249
216,Cherice,Buckler,cbuckler5z@businessweek.com,Female,81.54.143.141
217,Flor,Mackrill,fmackrill60@goodreads.com,Female,171.99.205.8
218,Dionne,Enderby,denderby61@twitter.com,Female,39.167.37.76
219,Maitilde,Aronstein,maronstein62@com.com,Female,150.197.45.211
220,Orran,Jacqueme,ojacqueme63@miibeian.gov.cn,Male,71.132.38.135
221,Baron,Caustick,bcaustick64@ocn.ne.jp,Male,9.109.247.5
222,Sheppard,Elcott,selcott65@xinhuanet.com,Male,103.253.100.61
223,Fernande,Calltone,fcalltone66@ocn.ne.jp,Female,170.64.14.115
224,Kaylil,Beranek,kberanek67@pen.io,Female,237.145.200.141
225,Rivkah,Lassells,rlassells68@newyorker.com,Female,35.54.74.198
226,Alanson,Elders,aelders69@google.pl,Male,137.34.119.82
227,Berget,Ruprecht,bruprecht6a@vistaprint.com,Female,81.213.198.20
228,Joli,Wyllcocks,jwyllcocks6b@ucsd.edu,Female,11.240.67.202
229,Blythe,Schirach,bschirach6c@discuz.net,Female,163.210.224.188
230,Svend,Cowing,scowing6d@last.fm,Male,184.135.119.84
231,Had,Thackston,hthackston6e@wired.com,Male,37.105.24.177
232,Kellina,Horrell,khorrell6f@scientificamerican.com,Female,214.50.189.102
233,Marmaduke,Gorgl,mgorgl6g@mail.ru,Polygender,221.147.64.27
234,Johanna,Freschi,jfreschi6h@tamu.edu,Female,9.48.114.195
235,Tabbie,Trusslove,ttrusslove6i@eepurl.com,Female,40.97.83.176
236,Sharla,Siderfin,ssiderfin6j@upenn.edu,Female,103.210.90.166
237,Giacomo,Claus,gclaus6k@hhs.gov,Male,64.80.66.156
238,Hayward,Weare,hweare6l@xinhuanet.com,Male,76.252.193.191
239,Tammy,Bartosek,tbartosek6m@wordpress.org,Female,82.108.150.207
240,Janka,Guthrum,jguthrum6n@sphinn.com,Female,35.181.149.104
241,Noella,Mattson,nmattson6o@goo.ne.jp,Female,107.203.162.168
242,Dmitri,Lyvon,dlyvon6p@census.gov,Male,124.11.52.65
243,Kalle,Simms,ksimms6q@g.co,Genderfluid,136.57.46.28
244,Ingeberg,Streetfield,istreetfield6r@archive.org,Female,234.133.58.62
245,Sim,Brigden,sbrigden6s@goodreads.com,Agender,3.142.81.217
246,Cicily,Mowat,cmowat6t@hao123.com,Female,106.140.51.14
247,Cally,Cappell,ccappell6u@i2i.jp,Female,143.202.41.10
248,Constantin,Dafydd,cdafydd6v@comsenz.com,Male,204.169.219.211
249,Packston,Rudledge,prudledge6w@alexa.com,Genderfluid,36.249.68.200
250,Ardene,Weins,aweins6x@howstuffworks.com,Female,145.119.15.148
251,Sylvan,Mc Comb,smccomb6y@themeforest.net,Male,202.76.127.89
252,Rock,Ilott,rilott6z@multiply.com,Male,32.16.118.238
253,Cort,Pittam,cpittam70@berkeley.edu,Male,41.79.8.9
254,Linoel,Scaife,lscaife71@purevolume.com,Male,51.204.183.198
255,Ashli,Huke,ahuke72@wunderground.com,Female,32.160.93.209
256,Linnea,Sive,lsive73@goo.gl,Female,71.98.247.20
257,Elenore,Gutridge,egutridge74@posterous.com,Female,77.23.104.160
258,Reynard,Belloch,rbelloch75@cyberchimps.com,Male,244.95.194.237
259,Roda,Frankton,rfrankton76@canalblog.com,Female,130.110.182.179
260,Galven,Simmers,gsimmers77@cocolog-nifty.com,Male,193.85.112.176
261,Malissa,Matousek,mmatousek78@youtube.com,Female,105.0.91.177
262,William,Baccup,wbaccup79@scribd.com,Male,89.18.168.219
263,Bernie,Grinsdale,bgrinsdale7a@amazon.co.jp,Male,27.46.140.247
264,Kaitlin,Sjollema,ksjollema7b@webmd.com,Female,61.255.219.122
265,Conroy,Guise,cguise7c@army.mil,Male,143.61.118.230
266,Teriann,Polson,tpolson7d@shop-pro.jp,Female,120.181.113.113
267,Elsworth,Leisman,eleisman7e@i2i.jp,Male,110.198.38.122
268,Aimil,Doppler,adoppler7f@about.me,Female,77.76.159.122
269,Manuel,Gallemore,mgallemore7g@springer.com,Polygender,105.159.39.154
270,Zorina,Lehrmann,zlehrmann7h@nyu.edu,Female,112.67.207.254
271,Giraldo,Sussems,gsussems7i@yellowbook.com,Male,7.236.70.94
272,August,Sedgebeer,asedgebeer7j@gnu.org,Male,142.165.143.100
273,Bobbee,Fairham,bfairham7k@twitpic.com,Female,32.58.10.225
274,Justus,Upstone,jupstone7l@networksolutions.com,Male,67.150.29.21
275,Moshe,Vautrey,mvautrey7m@omniture.com,Male,18.2.139.10
276,Jerrine,Frude,jfrude7n@businesswire.com,Genderfluid,154.154.149.4
277,Seymour,Jameson,sjameson7o@hud.gov,Male,6.22.197.115
278,Cullen,Leupold,cleupold7p@free.fr,Male,179.76.239.245
279,Lona,Naris,lnaris7q@ow.ly,Female,78.53.217.22
280,Venita,Vallance,vvallance7r@hao123.com,Female,169.100.33.126
281,Vernice,Grassett,vgrassett7s@yahoo.com,Female,7.60.142.180
282,Nealy,Vasilic,nvasilic7t@4shared.com,Male,232.73.18.49
283,Kim,Filoniere,kfiloniere7u@ebay.co.uk,Male,209.138.184.116
284,Corenda,Gwilt,cgwilt7v@slate.com,Female,215.149.66.217
285,Dag,Goodwins,dgoodwins7w@latimes.com,Bigender,86.40.173.219
286,Kellby,Cammidge,kcammidge7x@ftc.gov,Male,84.135.153.125
287,Dorthy,Biswell,dbiswell7y@nymag.com,Female,33.131.93.116
288,Dominique,Sher,dsher7z@epa.gov,Female,240.194.228.32
289,Conni,Backes,cbackes80@accuweather.com,Female,14.173.102.171
290,Bancroft,Hunnybun,bhunnybun81@google.fr,Male,0.141.45.234
291,Mitchel,Gerholz,mgerholz82@merriam-webster.com,Male,226.214.58.180
292,Jdavie,Prettejohns,jprettejohns83@redcross.org,Agender,160.129.40.54
293,Kane,Godridge,kgodridge84@si.edu,Male,9.55.152.35
294,Aggy,Bootton,abootton85@theglobeandmail.com,Female,53.10.238.104
295,Kris,Van Castele,kvancastele86@yolasite.com,Male,105.237.196.117
296,Lucille,Smieton,lsmieton87@tinyurl.com,Female,197.153.243.29
297,Monte,Crennell,mcrennell88@unicef.org,Male,255.151.91.176
298,Aurlie,Etienne,aetienne89@psu.edu,Female,37.236.254.251
299,Waverly,Blaszczyk,wblaszczyk8a@github.io,Male,163.107.92.55
300,Gypsy,McMurtyr,gmcmurtyr8b@people.com.cn,Female,175.44.241.165
301,Karel,Durgan,kdurgan8c@nifty.com,Female,15.72.53.11
302,Joseph,Brinkworth,jbrinkworth8d@xing.com,Male,188.40.106.36
303,Alyce,Ogilvy,aogilvy8e@cyberchimps.com,Female,150.47.76.120
304,Noland,Poulsom,npoulsom8f@dailymotion.com,Male,203.204.179.133
305,Gaylor,Greatrex,ggreatrex8g@ucla.edu,Male,137.243.4.147
306,Georgi,Montacute,gmontacute8h@omniture.com,Male,43.158.140.65
307,Perkin,Rainer,prainer8i@bloomberg.com,Male,94.48.155.209
308,Francene,Clubb,fclubb8j@flickr.com,Female,177.171.243.145
309,Adelina,O'Mahoney,aomahoney8k@dell.com,Genderqueer,241.172.46.30
310,Carla,O' Donohue,codonohue8l@businessweek.com,Female,167.27.65.22
311,Taddeo,Mossom,tmossom8m@google.nl,Male,173.55.223.232
312,Caro,McKenny,cmckenny8n@netscape.com,Female,65.199.50.41
313,Zahara,Batty,zbatty8o@de.vu,Female,217.138.67.248
314,Audrie,Seiter,aseiter8p@uol.com.br,Female,140.55.226.130
315,Caz,Shoemark,cshoemark8q@cdc.gov,Male,92.95.84.64
316,Filmer,Toseland,ftoseland8r@joomla.org,Male,17.242.73.220
317,Jim,Dimitriades,jdimitriades8s@nbcnews.com,Male,46.107.63.56
318,Othilie,Ringsell,oringsell8t@microsoft.com,Female,210.7.138.222
319,Normie,Rainy,nrainy8u@eepurl.com,Male,115.45.238.166
320,Ebonee,Johanchon,ejohanchon8v@slideshare.net,Female,61.130.245.242
321,Terrill,Favey,tfavey8w@cmu.edu,Bigender,60.175.3.88
322,Darsie,Sotheron,dsotheron8x@delicious.com,Female,254.106.82.234
323,Blayne,Roggero,broggero8y@skyrock.com,Genderfluid,144.222.40.192
324,Noelyn,Longthorn,nlongthorn8z@ucla.edu,Female,168.50.40.44
325,Harlin,Twoohy,htwoohy90@pcworld.com,Male,192.218.33.156
326,Hoyt,Boulder,hboulder91@upenn.edu,Male,182.10.71.7
327,Elbert,McGeaney,emcgeaney92@sciencedaily.com,Male,140.24.157.25
328,Lawton,Noye,lnoye93@japanpost.jp,Genderfluid,138.71.40.23
329,Lenci,Kirsche,lkirsche94@biglobe.ne.jp,Male,133.45.15.168
330,Dode,Wolffers,dwolffers95@simplemachines.org,Female,110.105.138.77
331,Lorilyn,Theodore,ltheodore96@w3.org,Female,168.7.18.159
332,Curcio,Appleford,cappleford97@nasa.gov,Male,248.32.148.72
333,Marlie,Lemerie,mlemerie98@free.fr,Female,92.129.78.139
334,Cathe,Martyns,cmartyns99@shop-pro.jp,Female,235.36.4.127
335,Tess,Moffett,tmoffett9a@kickstarter.com,Female,177.137.255.120
336,Toiboid,Matthews,tmatthews9b@chicagotribune.com,Male,60.92.99.97
337,Clyde,Relfe,crelfe9c@flickr.com,Male,169.91.221.162
338,Cathee,Van Daalen,cvandaalen9d@wunderground.com,Female,132.252.55.244
339,Stacy,Vsanelli,svsanelli9e@fc2.com,Male,184.37.96.210
340,Sibelle,Heindrich,sheindrich9f@sciencedirect.com,Agender,47.101.7.9
341,Fidelio,Kennham,fkennham9g@networksolutions.com,Male,165.209.245.251
342,Melodee,Langeley,mlangeley9h@google.com,Female,252.203.187.98
343,Curcio,Mongenot,cmongenot9i@rediff.com,Male,184.57.26.204
344,Imogene,Ellcock,iellcock9j@twitter.com,Polygender,136.115.192.222
345,Bjorn,Borzoni,bborzoni9k@nytimes.com,Genderfluid,3.120.81.81
346,Ricard,Carreck,rcarreck9l@vimeo.com,Male,179.177.182.116
347,Gillie,D'Souza,gdsouza9m@ezinearticles.com,Female,26.137.248.179
348,Meryl,Sandry,msandry9n@bandcamp.com,Agender,165.216.243.76
349,Armin,Bason,abason9o@themeforest.net,Male,145.108.199.116
350,Siobhan,Davion,sdavion9p@com.com,Female,72.122.238.150
351,Adamo,Peppard,apeppard9q@indiatimes.com,Male,29.133.174.183
352,Garry,Persence,gpersence9r@homestead.com,Male,158.189.70.131
353,Biddy,Joder,bjoder9s@loc.gov,Female,40.43.85.210
354,Leland,Oldcroft,loldcroft9t@sitemeter.com,Male,204.54.47.109
355,Kathleen,Besant,kbesant9u@arstechnica.com,Female,99.252.235.166
356,Zabrina,Yurocjkin,zyurocjkin9v@examiner.com,Female,145.113.211.141
357,Ibrahim,Kezourec,ikezourec9w@tripod.com,Male,28.227.77.187
358,Cheryl,Bartomieu,cbartomieu9x@weebly.com,Female,188.158.62.36
359,Windham,Burcombe,wburcombe9y@businessweek.com,Male,157.250.162.110
360,Mavra,McEntagart,mmcentagart9z@elpais.com,Female,42.236.44.206
361,Ramon,Meagh,rmeagha0@globo.com,Male,225.93.178.212
362,Clementine,Fancutt,cfancutta1@hugedomains.com,Female,18.162.243.52
363,Bing,Bolles,bbollesa2@tinypic.com,Male,219.148.115.179
364,Bambie,Sails,bsailsa3@nifty.com,Female,214.136.55.244
365,Brendin,Cotter,bcottera4@usgs.gov,Male,133.176.202.253
366,Archibaldo,Doll,adolla5@usatoday.com,Male,156.89.181.61
367,Randi,East,reasta6@theguardian.com,Female,112.104.223.236
368,Winny,Henmarsh,whenmarsha7@simplemachines.org,Agender,68.50.64.176
369,Teodorico,Flannigan,tflannigana8@instagram.com,Male,2.250.116.249
370,Urbanus,Melmore,umelmorea9@hostgator.com,Male,217.133.162.201
371,Fanechka,Edgworth,fedgworthaa@jigsy.com,Female,214.31.190.195
372,Chris,Schreurs,cschreursab@nsw.gov.au,Male,2.241.212.76
373,Winny,Sizland,wsizlandac@tumblr.com,Female,156.202.50.176
374,Darsie,Pennicard,dpennicardad@netscape.com,Female,161.138.30.216
375,Elsbeth,Moseby,emosebyae@disqus.com,Female,55.239.16.96
376,Trescha,McComiskey,tmccomiskeyaf@census.gov,Female,44.108.6.42
377,Kevin,Woolward,kwoolwardag@angelfire.com,Male,206.199.251.4
378,Saudra,Malia,smaliaah@mayoclinic.com,Female,69.205.115.230
379,Lyman,Castelain,lcastelainai@ucsd.edu,Male,148.224.217.45
380,Coralie,Floodgate,cfloodgateaj@wikispaces.com,Female,75.185.231.119
381,Gloriana,Heppner,gheppnerak@mlb.com,Female,190.31.109.11
382,Charmain,Tewkesberrie,ctewkesberrieal@bloomberg.com,Female,56.231.95.97
383,Carlotta,Rudd,cruddam@icio.us,Female,166.145.242.92
384,Claudia,Bottomer,cbottomeran@hao123.com,Female,24.44.151.231
385,Clay,Harder,charderao@myspace.com,Male,234.71.234.24
386,Inger,Greenwood,igreenwoodap@squidoo.com,Male,111.125.124.52
387,Amalie,Acosta,aacostaaq@livejournal.com,Female,76.177.151.85
388,Katinka,Hyams,khyamsar@princeton.edu,Female,67.19.161.254
389,Colleen,Monketon,cmonketonas@dot.gov,Female,66.180.164.53
390,Viv,Abrahams,vabrahamsat@nifty.com,Female,225.196.209.58
391,Karylin,Braham,kbrahamau@springer.com,Female,112.215.116.99
392,Herbie,Scotfurth,hscotfurthav@nifty.com,Male,75.152.190.235
393,Nalani,Asee,naseeaw@hud.gov,Female,143.17.118.109
394,Sibelle,Genicke,sgenickeax@ocn.ne.jp,Non-binary,85.26.252.9
395,Alix,Lugton,alugtonay@aol.com,Male,103.76.208.250
396,Cicely,McGuire,cmcguireaz@sun.com,Female,254.11.101.72
397,Phillida,Sacks,psacksb0@youtu.be,Female,149.218.2.115
398,Leopold,MacCurlye,lmaccurlyeb1@feedburner.com,Male,107.181.184.206
399,Audy,Urpeth,aurpethb2@gizmodo.com,Female,112.154.79.112
400,Bronson,Daykin,bdaykinb3@alibaba.com,Male,31.137.8.137
401,Jilli,Rolance,jrolanceb4@istockphoto.com,Genderqueer,239.200.105.78
402,Cinda,Gambles,cgamblesb5@dion.ne.jp,Female,10.60.59.160
403,Bradan,Rash,brashb6@rakuten.co.jp,Male,19.80.123.99
404,Tailor,Gergely,tgergelyb7@nbcnews.com,Male,26.98.97.42
405,Giraldo,Hemeret,ghemeretb8@chicagotribune.com,Male,66.138.54.220
406,Xena,Solomonides,xsolomonidesb9@economist.com,Female,18.226.220.237
407,Lavinie,Hulcoop,lhulcoopba@creativecommons.org,Polygender,63.13.119.109
408,Hunt,Licciardo,hlicciardobb@mozilla.org,Male,239.170.152.153
409,Elia,Dornin,edorninbc@aol.com,Male,193.37.114.46
410,Pyotr,Boyfield,pboyfieldbd@tamu.edu,Male,12.208.47.51
411,Antoine,Boorman,aboormanbe@jugem.jp,Male,250.61.59.15
412,Townsend,Rizzardo,trizzardobf@phpbb.com,Male,254.57.47.51
413,Alica,Hugonin,ahugoninbg@washington.edu,Bigender,211.14.62.18
414,Eveline,Frontczak,efrontczakbh@xrea.com,Female,129.172.142.118
415,Tobe,Penas,tpenasbi@google.cn,Female,249.179.112.158
416,Annelise,Aujouanet,aaujouanetbj@taobao.com,Female,34.143.178.161
417,Weylin,Chillistone,wchillistonebk@comcast.net,Male,184.61.215.21
418,Allyson,Northen,anorthenbl@wikispaces.com,Female,214.101.126.163
419,Matthaeus,Broady,mbroadybm@aol.com,Genderfluid,102.137.161.115
420,Rozele,MacGaughy,rmacgaughybn@dailymotion.com,Female,80.3.50.36
421,Guss,Hintzer,ghintzerbo@timesonline.co.uk,Male,120.28.117.129
422,Selene,Milillo,smilillobp@gravatar.com,Genderqueer,195.177.170.94
423,Fleurette,Justice,fjusticebq@loc.gov,Female,248.39.188.160
424,Caroljean,Stonhewer,cstonhewerbr@prnewswire.com,Female,158.216.243.246
425,Eldridge,Neachell,eneachellbs@zdnet.com,Male,178.1.162.238
426,Rurik,Vayro,rvayrobt@forbes.com,Male,39.247.47.83
427,Giselbert,Bassam,gbassambu@irs.gov,Male,246.25.64.65
428,Ediva,Baldazzi,ebaldazzibv@prlog.org,Female,165.156.235.22
429,Cobb,Gladdis,cgladdisbw@wikispaces.com,Male,12.126.116.24
430,Boone,Guyet,bguyetbx@tinypic.com,Male,166.53.34.184
431,Amy,Kett,akettby@unesco.org,Female,49.111.245.69
432,Garey,Beaument,gbeaumentbz@xrea.com,Male,246.30.6.75
433,Denna,Jursch,djurschc0@reddit.com,Female,146.245.208.225
434,Marlon,Winsor,mwinsorc1@jigsy.com,Male,77.40.175.135
435,Finn,Blincko,fblinckoc2@tiny.cc,Male,211.249.41.155
436,Deonne,Parkhouse,dparkhousec3@psu.edu,Female,210.76.77.59
437,Cornall,Errington,cerringtonc4@behance.net,Male,189.25.254.154
438,Sibyl,Thaller,sthallerc5@etsy.com,Female,151.202.22.92
439,Marylinda,Barbe,mbarbec6@ehow.com,Female,41.221.61.206
440,Thomasine,Piel,tpielc7@nbcnews.com,Female,24.208.66.110
441,Dewitt,Olenov,dolenovc8@aol.com,Male,104.52.147.106
442,Marylin,Dhillon,mdhillonc9@multiply.com,Female,132.81.176.228
443,Maddy,Hedingham,mhedinghamca@state.gov,Female,201.247.185.242
444,Hunter,Rydings,hrydingscb@seesaa.net,Male,168.49.142.160
445,Carl,Vergo,cvergocc@biglobe.ne.jp,Male,206.48.62.70
446,Shana,Lahiff,slahiffcd@usnews.com,Female,26.168.148.249
447,Mellie,Feild,mfeildce@ed.gov,Female,58.20.108.0
448,Baldwin,Segar,bsegarcf@oakley.com,Male,179.117.240.120
449,Lynette,Scobbie,lscobbiecg@loc.gov,Female,181.239.66.150
450,Obadias,Burland,oburlandch@vinaora.com,Male,203.210.224.105
451,Nefen,Hynam,nhynamci@nytimes.com,Male,215.54.128.192
452,Jasen,Poles,jpolescj@mapquest.com,Male,231.4.31.90
453,Guthrey,Fotitt,gfotittck@ask.com,Male,161.206.60.76
454,Gustave,O'Kerin,gokerincl@fema.gov,Male,150.68.188.55
455,Rinaldo,Gatecliffe,rgatecliffecm@nba.com,Male,82.76.187.84
456,Raynor,Sugge,rsuggecn@clickbank.net,Polygender,78.195.177.246
457,Kurtis,Pinkie,kpinkieco@uol.com.br,Male,115.161.228.21
458,Kelly,Lestrange,klestrangecp@sohu.com,Female,186.165.180.3
459,Dukie,Haire,dhairecq@wix.com,Male,110.178.70.91
460,Analiese,Larcombe,alarcombecr@digg.com,Female,247.147.24.137
461,Jedediah,Aubin,jaubincs@npr.org,Male,166.162.64.181
462,Madison,Mathouse,mmathousect@1688.com,Male,9.238.24.245
463,Tessy,Foggo,tfoggocu@weather.com,Female,42.123.129.11
464,Seymour,Drinkale,sdrinkalecv@blogger.com,Genderqueer,11.104.209.33
465,Stephanus,McNeilly,smcneillycw@mac.com,Male,169.85.46.166
466,Nicola,Purcer,npurcercx@google.fr,Male,93.50.116.103
467,Broderick,Corbishley,bcorbishleycy@fotki.com,Male,156.11.133.86
468,Dagny,Blumsom,dblumsomcz@npr.org,Male,204.38.48.178
469,Collie,Geely,cgeelyd0@unesco.org,Female,80.10.27.103
470,Berta,Javes,bjavesd1@squarespace.com,Female,115.156.153.107
471,Waylan,Runciman,wruncimand2@google.nl,Male,66.141.134.182
472,Burr,Walford,bwalfordd3@instagram.com,Male,142.142.112.168
473,Adolphe,Elsbury,aelsburyd4@amazonaws.com,Male,74.25.166.73
474,Cristian,Raycroft,craycroftd5@yandex.ru,Male,249.20.16.58
475,Giulio,Lisamore,glisamored6@ning.com,Bigender,194.110.60.189
476,Gardener,Red,gredd7@elegantthemes.com,Male,63.232.35.82
477,Celestyna,Tothacot,ctothacotd8@so-net.ne.jp,Female,11.244.222.22
478,Jesselyn,Dash,jdashd9@mozilla.com,Agender,46.178.255.171
479,Elizabet,Tooby,etoobyda@webmd.com,Female,39.241.154.65
480,Jackson,Prudence,jprudencedb@canalblog.com,Male,166.60.31.244
481,Isidro,Eat,ieatdc@bravesites.com,Male,57.240.89.228
482,Bebe,McGahern,bmcgaherndd@angelfire.com,Bigender,51.252.81.183
483,Tybie,Risbie,trisbiede@zdnet.com,Female,208.61.101.178
484,Ilysa,Gladebeck,igladebeckdf@xinhuanet.com,Female,117.46.204.88
485,Constancia,McKillop,cmckillopdg@imdb.com,Female,65.6.142.174
486,Flori,Morison,fmorisondh@msu.edu,Agender,59.13.65.61
487,Elie,Redhead,eredheaddi@twitpic.com,Female,160.3.0.85
488,Husain,Gimenez,hgimenezdj@patch.com,Male,24.190.3.127
489,Loraine,Eudall,leudalldk@tiny.cc,Female,8.151.109.151
490,Luci,Santon,lsantondl@tamu.edu,Female,138.63.60.38
491,Constantin,Betun,cbetundm@weibo.com,Male,224.48.133.164
492,Teriann,Isaac,tisaacdn@nasa.gov,Female,98.38.59.219
493,Nikki,Lagne,nlagnedo@theguardian.com,Female,96.140.7.230
494,Lola,Dunbleton,ldunbletondp@npr.org,Female,24.66.76.80
495,Hadley,Orht,horhtdq@hexun.com,Male,199.216.36.156
496,Ninetta,Chazette,nchazettedr@weather.com,Female,17.56.44.131
497,Tris,Rochewell,trochewellds@friendfeed.com,Male,2.13.109.207
498,Jenelle,Blick,jblickdt@scientificamerican.com,Female,19.103.125.195
499,Addie,Birk,abirkdu@elpais.com,Male,64.240.96.61
500,Vaughan,Napier,vnapierdv@comcast.net,Male,217.245.72.77
501,Donnie,Goble,dgobledw@moonfruit.com,Male,145.191.252.132
502,Saudra,Drepp,sdreppdx@shareasale.com,Female,122.2.66.222
503,Richy,Durrans,rdurransdy@vkontakte.ru,Polygender,186.139.51.145
504,Ossie,Consadine,oconsadinedz@drupal.org,Male,62.107.216.237
505,Manda,Eltun,meltune0@constantcontact.com,Female,33.208.65.25
506,Brice,Radbond,bradbonde1@tamu.edu,Male,114.201.216.121
507,Myrtice,Claiton,mclaitone2@mayoclinic.com,Female,185.110.185.43
508,Atlanta,Giroldi,agiroldie3@chron.com,Female,9.116.73.39
509,Stavros,Sherland,ssherlande4@dot.gov,Male,130.187.91.34
510,Ferris,Fausset,ffaussete5@twitpic.com,Male,57.56.146.153
511,Marrissa,Thorley,mthorleye6@newsvine.com,Female,42.143.83.215
512,Livvy,Figgures,lfiggurese7@cbsnews.com,Female,74.115.108.193
513,Marni,Schlagman,mschlagmane8@npr.org,Female,168.99.117.43
514,Arel,Ramelet,aramelete9@patch.com,Male,86.235.217.164
515,Archibaldo,Gorrissen,agorrissenea@1und1.de,Male,1.142.110.229
516,Blane,Vasyaev,bvasyaeveb@live.com,Male,125.169.34.246
517,Isaac,Keir,ikeirec@imageshack.us,Male,55.164.235.8
518,Nilson,Mountlow,nmountlowed@webeden.co.uk,Male,42.162.141.202
519,Nichol,Ledley,nledleyee@addtoany.com,Female,161.18.217.84
520,Benito,Leftbridge,bleftbridgeef@washington.edu,Male,31.212.136.160
521,Krystal,Glentworth,kglentwortheg@ow.ly,Female,225.18.46.125
522,Karol,Gimert,kgimerteh@meetup.com,Female,181.30.53.182
523,Pietrek,Pinckney,ppinckneyei@wufoo.com,Male,219.211.25.190
524,Jessey,Pierrepoint,jpierrepointej@squarespace.com,Male,123.154.82.252
525,Hans,Ofer,hoferek@berkeley.edu,Male,246.0.189.0
526,Erda,Dahlen,edahlenel@biblegateway.com,Female,136.153.55.51
527,Poul,Witard,pwitardem@columbia.edu,Male,212.125.212.73
528,Lonna,Nolot,lnoloten@miitbeian.gov.cn,Agender,24.131.97.109
529,Andrej,Cokayne,acokayneeo@google.pl,Male,66.119.2.31
530,Javier,McCotter,jmccotterep@freewebs.com,Male,171.184.198.78
531,Sibyl,Kleinschmidt,skleinschmidteq@jiathis.com,Male,36.55.242.160
532,Emmi,Goodwins,egoodwinser@sciencedaily.com,Female,224.75.100.23
533,Barnabe,Strognell,bstrognelles@prnewswire.com,Agender,245.253.18.169
534,Britt,Waggett,bwaggettet@xing.com,Male,38.250.241.225
535,Doralynne,Ledur,dledureu@t.co,Female,54.216.6.26
536,Hamil,Saunter,hsaunterev@smugmug.com,Male,52.37.190.34
537,Juline,Washbrook,jwashbrookew@github.io,Female,116.87.219.72
538,Elwood,Creffeild,ecreffeildex@cnet.com,Bigender,118.101.94.72
539,Martie,Norville,mnorvilleey@paginegialle.it,Male,124.113.180.252
540,Johnathon,Harber,jharberez@google.ca,Male,28.230.85.167
541,Gisela,Linnemann,glinnemannf0@uol.com.br,Agender,80.36.6.229
542,Staffard,Rimes,srimesf1@google.com.au,Male,156.225.64.24
543,Hermia,Denford,hdenfordf2@ucla.edu,Female,66.119.177.178
544,Edin,Taborre,etaborref3@edublogs.org,Female,128.150.128.140
545,Diarmid,Livick,dlivickf4@unicef.org,Male,210.40.130.141
546,Mattie,Sommerland,msommerlandf5@google.com.br,Genderqueer,104.208.25.63
547,Rob,Holborn,rholbornf6@nature.com,Male,172.88.31.99
548,Ignatius,Sango,isangof7@hc360.com,Male,208.108.139.74
549,Alwin,Mummery,amummeryf8@google.ru,Male,40.76.224.135
550,Tatiania,Cobelli,tcobellif9@artisteer.com,Female,147.127.109.59
551,Mirabella,Oxenham,moxenhamfa@parallels.com,Female,78.18.19.58
552,Giffy,D'Errico,gderricofb@istockphoto.com,Male,84.155.191.125
553,Lorelei,Speller,lspellerfc@jiathis.com,Female,38.144.100.248
554,Abbie,Prestland,aprestlandfd@hexun.com,Female,167.238.183.61
555,Abbott,Couvet,acouvetfe@yandex.ru,Male,97.200.230.122
556,Leilah,Saffran,lsaffranff@amazon.com,Female,105.250.193.171
557,Ruttger,Egre,regrefg@amazon.de,Polygender,175.112.116.104
558,Merle,Brant,mbrantfh@marketwatch.com,Female,141.212.126.209
559,Dominick,Indge,dindgefi@admin.ch,Male,104.141.246.234
560,Rod,Potes,rpotesfj@pinterest.com,Male,88.63.235.84
561,Jacynth,Cockett,jcockettfk@topsy.com,Genderqueer,115.9.255.152
562,Rowen,Summerly,rsummerlyfl@nsw.gov.au,Male,52.101.126.160
563,Orsa,Westmacott,owestmacottfm@nytimes.com,Female,215.249.173.251
564,Stefano,Camplejohn,scamplejohnfn@amazon.co.jp,Male,168.60.68.159
565,Emmeline,Wadmore,ewadmorefo@tinyurl.com,Female,111.220.84.251
566,Merl,Cansdell,mcansdellfp@blog.com,Female,14.21.155.73
567,Grayce,Cottam,gcottamfq@discovery.com,Female,23.3.186.29
568,Lethia,Bellini,lbellinifr@telegraph.co.uk,Female,75.226.243.184
569,Zsa zsa,Goudge,zgoudgefs@simplemachines.org,Female,48.12.158.75
570,Corey,Wetherill,cwetherillft@pen.io,Female,252.138.182.191
571,Fanni,Varnham,fvarnhamfu@smugmug.com,Genderfluid,3.98.243.169
572,Bendicty,Lipson,blipsonfv@vinaora.com,Male,76.218.247.131
573,Jeth,Lindstrom,jlindstromfw@ovh.net,Male,20.160.225.46
574,Kassandra,Eastop,keastopfx@typepad.com,Female,159.98.24.222
575,Kassie,Tregidga,ktregidgafy@multiply.com,Female,17.135.147.12
576,Bernardo,Walklott,bwalklottfz@jiathis.com,Male,177.151.30.52
577,Cristiano,Clitherow,cclitherowg0@mysql.com,Male,121.97.39.247
578,Kerry,Dufoure,kdufoureg1@studiopress.com,Male,244.149.11.167
579,Gannie,Hess,ghessg2@nature.com,Male,76.41.1.147
580,Arlyne,Isworth,aisworthg3@stumbleupon.com,Female,185.15.127.231
581,Curry,Sazio,csaziog4@mediafire.com,Male,97.230.104.72
582,Gawain,Kuhle,gkuhleg5@1688.com,Male,199.220.227.144
583,Jacenta,Neathway,jneathwayg6@godaddy.com,Non-binary,62.61.15.107
584,Bibbie,George,bgeorgeg7@archive.org,Female,189.109.55.125
585,Dugald,Canby,dcanbyg8@fastcompany.com,Male,1.112.17.255
586,Markos,Wallett,mwallettg9@ucla.edu,Non-binary,95.110.120.166
587,Petronia,Faraker,pfarakerga@mtv.com,Female,141.177.28.26
588,Cecile,Stainbridge,cstainbridgegb@bbb.org,Female,100.226.10.182
589,Haslett,Sirrell,hsirrellgc@i2i.jp,Male,180.187.69.17
590,Rozina,Rosbottom,rrosbottomgd@t-online.de,Female,185.212.140.121
591,Abigale,Hexam,ahexamge@sogou.com,Bigender,8.67.108.188
592,Tammara,Batkin,tbatkingf@istockphoto.com,Female,63.235.39.87
593,Sigismondo,Bewsey,sbewseygg@list-manage.com,Male,134.131.213.11
594,Ulick,McCalister,umccalistergh@webeden.co.uk,Male,195.130.171.130
595,Damita,Iorillo,diorillogi@miitbeian.gov.cn,Female,91.42.37.6
596,Tamera,Bonifant,tbonifantgj@t-online.de,Female,165.150.52.60
597,Clari,Stapleton,cstapletongk@state.gov,Female,84.214.169.81
598,Kaela,Jansa,kjansagl@youtube.com,Female,64.227.233.135
599,Lorena,McQuarrie,lmcquarriegm@mtv.com,Female,152.130.32.188
600,Madelon,Cradick,mcradickgn@scientificamerican.com,Female,103.132.135.204
601,Bernice,Clyburn,bclyburngo@answers.com,Female,154.157.254.30
602,Sandro,Vreede,svreedegp@last.fm,Male,219.130.212.80
603,Pooh,Alliston,pallistongq@vistaprint.com,Female,93.89.192.207
604,Patrizio,Troup,ptroupgr@dell.com,Male,168.67.27.247
605,Stacey,Seary,ssearygs@mozilla.com,Female,230.183.222.131
606,Lamond,Howorth,lhoworthgt@imdb.com,Male,2.204.94.161
607,Elli,Pettengell,epettengellgu@lycos.com,Female,198.48.215.211
608,Tine,Million,tmilliongv@cnn.com,Female,66.204.93.74
609,Lucille,Swanwick,lswanwickgw@vk.com,Female,56.101.241.173
610,Tabor,Uff,tuffgx@tinyurl.com,Male,138.75.21.79
611,Adah,Habbema,ahabbemagy@weather.com,Bigender,95.106.53.81
612,Loise,Annets,lannetsgz@meetup.com,Female,63.48.65.241
613,Ariel,Smye,asmyeh0@mit.edu,Male,84.173.186.163
614,Cate,Brason,cbrasonh1@xrea.com,Female,21.185.236.56
615,Viole,Sprulls,vsprullsh2@theatlantic.com,Female,185.172.172.15
616,Chryste,Nears,cnearsh3@fotki.com,Genderfluid,124.150.242.181
617,Irina,Bellas,ibellash4@illinois.edu,Female,208.145.255.161
618,Jeffy,Moody,jmoodyh5@bbc.co.uk,Male,248.62.255.240
619,Elmer,Mico,emicoh6@xinhuanet.com,Male,174.212.190.72
620,Collin,Devereu,cdevereuh7@hao123.com,Male,221.169.95.111
621,Eziechiele,Whinney,ewhinneyh8@phpbb.com,Male,122.34.1.130
622,Franzen,Lavall,flavallh9@behance.net,Male,10.100.237.151
623,Kennie,Edinborough,kedinboroughha@1688.com,Male,149.170.176.168
624,Joanne,St. Queintain,jstqueintainhb@skype.com,Female,244.97.110.229
625,Ruddie,Copping,rcoppinghc@linkedin.com,Male,154.109.246.219
626,Blanca,Don,bdonhd@examiner.com,Female,7.43.42.122
627,Reese,Bramwell,rbramwellhe@arstechnica.com,Bigender,233.57.60.72
628,Lindon,Sanzio,lsanziohf@netlog.com,Male,255.240.213.68
629,Thatch,Swetmore,tswetmorehg@examiner.com,Genderqueer,164.191.25.23
630,Dottie,Laba,dlabahh@cocolog-nifty.com,Female,235.210.50.54
631,Angus,Simmonds,asimmondshi@google.co.uk,Male,235.239.59.131
632,Ramona,Ovenell,rovenellhj@java.com,Female,125.50.141.115
633,Bret,Tipping,btippinghk@cdbaby.com,Male,164.32.26.248
634,Massimo,Bessent,mbessenthl@mayoclinic.com,Male,136.228.17.248
635,Roy,Champ,rchamphm@sun.com,Male,117.3.50.90
636,Angus,Dundendale,adundendalehn@amazon.co.jp,Male,159.133.13.114
637,Flore,Kemmey,fkemmeyho@hc360.com,Female,10.151.238.43
638,Judi,Hotchkin,jhotchkinhp@netvibes.com,Female,207.227.65.50
639,Ermanno,Waleran,ewaleranhq@about.me,Male,216.160.212.56
640,Sophronia,Alekhov,salekhovhr@narod.ru,Female,55.48.205.182
641,Goddart,Bettis,gbettishs@google.fr,Male,156.142.107.141
642,Deeyn,Chate,dchateht@weebly.com,Female,150.175.13.100
643,Kerianne,Wheble,kwheblehu@creativecommons.org,Female,239.100.181.202
644,Maridel,Wale,mwalehv@seattletimes.com,Genderfluid,255.36.113.198
645,Mendel,Sondon,msondonhw@naver.com,Male,86.98.55.199
646,Sonni,Rowter,srowterhx@mlb.com,Female,75.127.133.254
647,Maxie,Leney,mleneyhy@hibu.com,Male,179.21.162.189
648,Lurette,Sivills,lsivillshz@marriott.com,Female,134.189.9.133
649,Tony,Alessandone,talessandonei0@icio.us,Male,68.167.226.163
650,Flin,Harse,fharsei1@salon.com,Male,179.77.101.67
651,Adel,Dendle,adendlei2@networkadvertising.org,Female,10.147.180.140
652,Henryetta,Laverack,hlaveracki3@tumblr.com,Female,2.27.238.172
653,Bendick,Pipworth,bpipworthi4@accuweather.com,Male,45.49.210.170
654,Avivah,Kibby,akibbyi5@list-manage.com,Female,238.18.100.226
655,Gerrard,Pettendrich,gpettendrichi6@archive.org,Male,29.209.35.249
656,Sigismondo,Caroline,scarolinei7@cmu.edu,Male,164.71.35.200
657,Barthel,Bartolomeazzi,bbartolomeazzii8@nba.com,Male,67.159.186.185
658,Melesa,Jorger,mjorgeri9@zdnet.com,Female,120.39.232.38
659,Elane,Secker,eseckeria@shop-pro.jp,Female,213.248.52.245
660,Valentine,Lambourne,vlambourneib@prweb.com,Male,173.217.178.77
661,Brigida,Ciric,bciricic@yandex.ru,Female,223.144.220.184
662,Xymenes,Peschmann,xpeschmannid@cornell.edu,Male,224.142.111.130
663,Tandy,Cassie,tcassieie@imageshack.us,Female,89.56.22.221
664,Heddie,Noquet,hnoquetif@jiathis.com,Female,215.95.58.121
665,Prudence,McBean,pmcbeanig@flavors.me,Female,198.95.117.9
666,Hesther,Tooke,htookeih@bbc.co.uk,Female,22.124.222.235
667,Budd,Haselup,bhaselupii@last.fm,Male,131.146.184.242
668,Shirline,Marryatt,smarryattij@blog.com,Female,236.66.68.100
669,Gualterio,Crocket,gcrocketik@howstuffworks.com,Male,170.41.66.24
670,Hernando,Grinyer,hgrinyeril@mozilla.org,Genderfluid,83.213.234.245
671,Birgitta,Georgiades,bgeorgiadesim@xinhuanet.com,Female,123.63.118.187
672,Sonnie,Pawelczyk,spawelczykin@infoseek.co.jp,Male,251.121.80.121
673,Mattias,Puddifer,mpuddiferio@howstuffworks.com,Male,211.232.89.200
674,Liuka,Iacovino,liacovinoip@usda.gov,Female,94.222.65.118
675,Leelah,Rubinow,lrubinowiq@addthis.com,Female,97.41.104.123
676,Peyter,Larner,plarnerir@istockphoto.com,Male,130.125.96.99
677,Leann,Woodwin,lwoodwinis@nbcnews.com,Female,197.131.165.228
678,Bobinette,McCerery,bmccereryit@reddit.com,Female,64.72.30.14
679,Judie,Elderfield,jelderfieldiu@howstuffworks.com,Female,187.67.22.222
680,Gaylord,Aspall,gaspalliv@gmpg.org,Male,163.27.224.164
681,Bidget,Northey,bnortheyiw@disqus.com,Female,40.105.68.17
682,Ely,Dodimead,edodimeadix@surveymonkey.com,Male,49.164.112.143
683,Vivyan,Jolliff,vjolliffiy@tmall.com,Female,44.248.48.94
684,Godfrey,Buckle,gbuckleiz@webmd.com,Male,142.202.8.57
685,Ailene,Witchalls,awitchallsj0@blogger.com,Female,87.87.128.141
686,Jo ann,Rosso,jrossoj1@google.es,Female,232.138.182.192
687,Justino,Sentinella,jsentinellaj2@nifty.com,Male,23.58.252.87
688,Cy,Wilce,cwilcej3@mashable.com,Male,77.46.159.132
689,Elene,Cramond,ecramondj4@twitter.com,Female,3.164.94.138
690,Harman,Blakelock,hblakelockj5@google.fr,Male,236.97.51.132
691,Kendra,Slatford,kslatfordj6@is.gd,Female,170.122.154.164
692,Samaria,Renowden,srenowdenj7@live.com,Female,67.180.77.235
693,Vikki,Baus,vbausj8@flickr.com,Female,202.183.168.170
694,Charil,Brelsford,cbrelsfordj9@paypal.com,Female,112.26.60.160
695,Timmi,Foxhall,tfoxhallja@booking.com,Female,243.216.138.48
696,Gregorio,Erickssen,gerickssenjb@google.co.jp,Male,253.179.176.210
697,Andee,Vye,avyejc@elegantthemes.com,Female,55.219.62.254
698,Sergei,Asmus,sasmusjd@digg.com,Genderfluid,90.36.76.139
699,Gustavus,Gerholz,ggerholzje@yellowpages.com,Male,46.141.66.180
700,Jacquenette,Sclater,jsclaterjf@walmart.com,Female,28.48.67.62
701,Larina,Kezar,lkezarjg@google.co.jp,Female,76.142.172.213
702,Sella,Ackermann,sackermannjh@taobao.com,Female,150.225.138.211
703,Burtie,Fearnside,bfearnsideji@go.com,Male,22.42.96.10
704,Fianna,Shee,fsheejj@mtv.com,Female,178.2.218.213
705,Tomi,Casajuana,tcasajuanajk@sun.com,Female,245.6.6.86
706,Lucia,Lening,lleningjl@list-manage.com,Female,168.161.88.240
707,Myron,Cullimore,mcullimorejm@sina.com.cn,Male,14.123.85.244
708,Ruddie,Mapston,rmapstonjn@skyrock.com,Male,228.249.244.229
709,Dietrich,Pretious,dpretiousjo@icio.us,Male,55.177.35.25
710,Marlee,Brammall,mbrammalljp@si.edu,Female,75.139.51.221
711,Guntar,Defrain,gdefrainjq@independent.co.uk,Male,26.113.0.212
712,Lotta,Belliard,lbelliardjr@europa.eu,Female,98.121.233.166
713,Aleda,Lippatt,alippattjs@netlog.com,Female,58.59.70.4
714,Iain,Oakwell,ioakwelljt@chronoengine.com,Male,13.45.170.58
715,Natalina,Caraher,ncaraherju@umn.edu,Female,29.172.146.172
716,Clementina,Gussie,cgussiejv@qq.com,Female,254.152.130.250
717,Sherye,Defont,sdefontjw@ft.com,Female,5.73.132.44
718,Sholom,McKeand,smckeandjx@theguardian.com,Agender,5.31.239.75
719,Jania,Filpi,jfilpijy@seattletimes.com,Female,144.79.214.113
720,Georgi,Wheatley,gwheatleyjz@webnode.com,Polygender,77.243.221.223
721,Annecorinne,Ellett,aellettk0@smugmug.com,Female,253.157.210.71
722,Oliy,Burwin,oburwink1@alexa.com,Female,219.195.0.36
723,Michele,Guiness,mguinessk2@disqus.com,Male,215.25.26.91
724,June,Tibbles,jtibblesk3@wsj.com,Female,196.155.13.37
725,Alaine,Glazer,aglazerk4@time.com,Female,233.166.246.199
726,Florrie,Kemball,fkemballk5@auda.org.au,Female,219.137.2.201
727,Trina,Climar,tclimark6@example.com,Female,83.212.73.163
728,Lucio,Mewett,lmewettk7@ycombinator.com,Male,100.38.188.173
729,Vin,Rasmus,vrasmusk8@pen.io,Female,148.186.80.105
730,Marni,Laybourne,mlaybournek9@narod.ru,Female,248.136.119.149
731,Dorey,Counter,dcounterka@ucsd.edu,Female,142.146.66.149
732,Jessie,Yarrow,jyarrowkb@360.cn,Bigender,154.97.154.80
733,Alex,Mullany,amullanykc@vistaprint.com,Female,51.190.131.14
734,Gwyn,Bierman,gbiermankd@scribd.com,Female,221.115.222.30
735,Sam,Ruddiforth,sruddiforthke@edublogs.org,Male,5.66.32.244
736,Saidee,Cheers,scheerskf@trellian.com,Female,252.230.216.244
737,Fan,Grodden,fgroddenkg@bluehost.com,Female,247.134.107.206
738,Wilfred,Waumsley,wwaumsleykh@domainmarket.com,Male,60.193.207.169
739,Paige,Leyzell,pleyzellki@opera.com,Male,47.89.112.67
740,Rebeca,Bullus,rbulluskj@google.co.jp,Female,160.6.60.132
741,Carleton,Schohier,cschohierkk@aboutads.info,Male,207.216.243.88
742,Bride,Ayer,bayerkl@163.com,Female,58.150.139.96
743,Cory,Sebright,csebrightkm@bandcamp.com,Female,23.8.94.112
744,Jude,Baggs,jbaggskn@spiegel.de,Non-binary,66.10.71.149
745,Dotty,Spellar,dspellarko@topsy.com,Female,143.171.129.150
746,Roslyn,Dearell,rdearellkp@answers.com,Female,152.188.3.83
747,Nappy,Bycraft,nbycraftkq@scribd.com,Male,185.236.80.176
748,Selie,Potier,spotierkr@lycos.com,Female,151.1.5.60
749,Rozanne,Kellen,rkellenks@wiley.com,Female,73.48.132.101
750,Tamarah,Cuxon,tcuxonkt@springer.com,Polygender,115.162.40.65
751,Prudi,Yanuk,pyanukku@mapy.cz,Female,85.190.147.143
752,Garey,Eymor,geymorkv@tamu.edu,Male,194.50.132.52
753,Morna,Adamo,madamokw@nbcnews.com,Female,214.27.177.80
754,Kimmie,Stubbes,kstubbeskx@twitter.com,Female,72.10.131.159
755,Stacy,Pearse,spearseky@51.la,Male,124.223.92.70
756,Dyanna,Cross,dcrosskz@w3.org,Female,205.110.225.109
757,Freeland,Hinckesman,fhinckesmanl0@drupal.org,Male,78.138.220.247
758,Cammy,Fynan,cfynanl1@ftc.gov,Female,124.134.234.62
759,Wallie,Molson,wmolsonl2@ca.gov,Female,103.146.48.127
760,Mallory,Tabart,mtabartl3@digg.com,Male,1.225.124.124
761,Andrea,Fourman,afourmanl4@gizmodo.com,Female,117.203.141.106
762,Taryn,Bazoche,tbazochel5@eventbrite.com,Female,226.4.190.223
763,Dev,Biever,dbieverl6@goo.gl,Male,170.81.171.224
764,Zsazsa,Billie,zbilliel7@microsoft.com,Female,229.62.216.18
765,Gratia,Aiken,gaikenl8@php.net,Female,98.229.97.1
766,Sidoney,Thorburn,sthorburnl9@walmart.com,Female,72.186.252.253
767,Brendon,Rainbird,brainbirdla@ifeng.com,Male,107.35.144.126
768,Ravid,Balbeck,rbalbecklb@wunderground.com,Male,200.85.215.89
769,Marcia,Potticary,mpotticarylc@si.edu,Female,63.162.241.254
770,Damita,Aishford,daishfordld@eepurl.com,Female,115.75.241.165
771,Zackariah,Simmon,zsimmonle@usa.gov,Male,19.196.239.245
772,Meagan,Granger,mgrangerlf@seesaa.net,Female,219.195.44.238
773,Delbert,Nutley,dnutleylg@amazonaws.com,Male,200.5.11.27
774,Barron,Sprigging,bsprigginglh@bloomberg.com,Male,10.105.51.37
775,Martainn,Crim,mcrimli@apple.com,Male,63.57.16.107
776,Janine,Beining,jbeininglj@techcrunch.com,Female,0.163.213.14
777,Malchy,Pedden,mpeddenlk@samsung.com,Male,97.75.195.209
778,Titos,Ellyatt,tellyattll@chronoengine.com,Male,192.193.133.207
779,Diann,Gerold,dgeroldlm@paginegialle.it,Female,162.107.173.199
780,Amble,Jamot,ajamotln@home.pl,Male,127.223.40.130
781,Waylin,Kissell,wkisselllo@dailymotion.com,Genderfluid,58.41.192.22
782,Dorice,Rainforth,drainforthlp@dropbox.com,Female,43.69.182.113
783,Trenna,De Ferrari,tdeferrarilq@dailymail.co.uk,Female,120.10.180.105
784,Ruggiero,Scranney,rscranneylr@yolasite.com,Male,222.208.66.136
785,Claudius,Duffill,cduffillls@sogou.com,Male,240.183.159.20
786,Son,Abley,sableylt@economist.com,Polygender,55.175.221.67
787,Clemmie,Parham,cparhamlu@eepurl.com,Non-binary,110.168.252.34
788,Zorine,Laughrey,zlaughreylv@stumbleupon.com,Agender,133.226.91.210
789,Alair,Fey,afeylw@geocities.jp,Male,39.26.168.65
790,Shaun,Fleming,sfleminglx@miibeian.gov.cn,Bigender,28.176.97.160
791,Ariana,Pelerin,apelerinly@who.int,Female,101.20.31.154
792,Guy,Book,gbooklz@studiopress.com,Male,106.16.81.157
793,Batholomew,Elphey,belpheym0@icq.com,Male,134.229.23.143
794,Howie,Piecha,hpiecham1@yahoo.co.jp,Male,24.252.191.223
795,Heall,Poyzer,hpoyzerm2@prlog.org,Male,67.140.235.182
796,Tobi,Skilton,tskiltonm3@go.com,Female,225.92.203.246
797,Geoff,De Blasiis,gdeblasiism4@rakuten.co.jp,Male,188.41.145.167
798,Paulina,Fendt,pfendtm5@mozilla.org,Female,201.143.71.216
799,Adoree,Fruchon,afruchonm6@fema.gov,Female,21.90.93.120
800,Anett,Darnbrough,adarnbroughm7@elpais.com,Female,218.200.154.10
801,Sydney,Mostyn,smostynm8@ovh.net,Male,47.120.129.223
802,Giacinta,Fritchly,gfritchlym9@networkadvertising.org,Female,207.253.115.156
803,Neale,Dalston,ndalstonma@sciencedirect.com,Male,123.90.68.90
804,Vivian,Coulsen,vcoulsenmb@mediafire.com,Female,249.76.221.201
805,Bran,Conford,bconfordmc@furl.net,Male,80.36.153.40
806,Fredelia,Lightfoot,flightfootmd@shop-pro.jp,Agender,101.147.107.193
807,Parnell,Hardern,phardernme@slate.com,Male,108.1.178.153
808,Nate,Murt,nmurtmf@ifeng.com,Male,172.124.43.112
809,Jamie,Younger,jyoungermg@zdnet.com,Male,133.183.1.147
810,Ezequiel,Scare,escaremh@hubpages.com,Male,11.77.35.23
811,Gibby,Dennington,gdenningtonmi@desdev.cn,Male,210.136.246.58
812,Araldo,Vanezis,avanezismj@hp.com,Male,27.158.82.84
813,Andriana,Larimer,alarimermk@people.com.cn,Female,197.116.185.123
814,Kirsti,Aulds,kauldsml@mac.com,Female,103.58.156.212
815,Vin,Levene,vlevenemm@pinterest.com,Male,139.213.14.82
816,Alexina,Schust,aschustmn@yellowbook.com,Agender,57.196.153.38
817,Chanda,Plinck,cplinckmo@independent.co.uk,Female,23.199.98.149
818,Sheff,Raulstone,sraulstonemp@usatoday.com,Male,129.50.132.247
819,Sylvester,Mander,smandermq@newsvine.com,Male,173.219.195.45
820,Ruthann,Crocken,rcrockenmr@cdc.gov,Female,23.100.136.222
821,Kassey,Alflat,kalflatms@blogtalkradio.com,Female,171.213.0.225
822,Yanaton,Fallows,yfallowsmt@upenn.edu,Bigender,153.239.139.14
823,Chariot,Egdale,cegdalemu@vkontakte.ru,Male,124.169.88.174
824,Eli,Stuehmeier,estuehmeiermv@soup.io,Male,95.254.3.136
825,Wash,Shillabeare,wshillabearemw@sphinn.com,Male,145.237.219.223
826,Marta,McPhail,mmcphailmx@usa.gov,Female,239.154.159.136
827,Roselin,Mallabund,rmallabundmy@multiply.com,Female,89.141.156.80
828,Lurette,Willey,lwilleymz@admin.ch,Female,147.190.243.63
829,Ximenez,Binnes,xbinnesn0@ucla.edu,Male,40.172.114.179
830,Gerard,Pindar,gpindarn1@chron.com,Male,70.147.24.203
831,Allin,Gwinnel,agwinneln2@deliciousdays.com,Male,22.12.172.19
832,Hermy,Jope,hjopen3@list-manage.com,Male,11.237.164.176
833,Yank,Gibb,ygibbn4@purevolume.com,Genderqueer,65.35.213.247
834,Timmi,Muggach,tmuggachn5@engadget.com,Female,193.130.253.120
835,Tailor,Piele,tpielen6@macromedia.com,Male,109.16.246.199
836,Gale,Mardee,gmardeen7@oaic.gov.au,Male,134.132.26.174
837,Bunny,Whettleton,bwhettletonn8@drupal.org,Bigender,59.225.223.160
838,Brady,Fontell,bfontelln9@furl.net,Male,188.253.219.13
839,Lois,Emmanueli,lemmanuelina@nps.gov,Female,85.75.191.130
840,Sorcha,Ferencowicz,sferencowicznb@smugmug.com,Female,204.165.28.229
841,Ody,Coulman,ocoulmannc@msu.edu,Male,138.9.22.116
842,Breanne,Monte,bmontend@ning.com,Female,192.42.74.7
843,Nikolaus,Tubbs,ntubbsne@tuttocitta.it,Male,79.217.233.222
844,Norry,Coudray,ncoudraynf@nhs.uk,Male,218.102.177.149
845,Othelia,Lante,olanteng@blog.com,Bigender,170.169.96.127
846,Lloyd,Chadderton,lchaddertonnh@yolasite.com,Male,189.219.48.29
847,Hobard,Dunkerly,hdunkerlyni@princeton.edu,Male,51.46.21.62
848,Walton,Slader,wsladernj@cbsnews.com,Male,141.60.205.196
849,Rozelle,Trebble,rtrebblenk@bing.com,Female,255.156.227.145
850,Bea,MacCallam,bmaccallamnl@yellowbook.com,Female,126.5.136.236
851,Dianemarie,Vant,dvantnm@skyrock.com,Female,141.65.127.218
852,Debby,Ciobutaro,dciobutaronn@photobucket.com,Female,157.4.95.12
853,Ian,Ballard,iballardno@bloomberg.com,Male,12.160.12.134
854,Booth,Schoroder,bschorodernp@miibeian.gov.cn,Male,201.241.143.47
855,Saraann,Bolus,sbolusnq@businessinsider.com,Female,111.61.210.11
856,Marne,Tomei,mtomeinr@surveymonkey.com,Female,255.187.67.10
857,Riley,Ruske,rruskens@umich.edu,Male,241.98.62.99
858,Newton,MacGilmartin,nmacgilmartinnt@mysql.com,Male,69.231.114.238
859,Della,Barsam,dbarsamnu@discovery.com,Female,180.23.36.72
860,Ronnie,Scottesmoor,rscottesmoornv@g.co,Female,24.83.16.12
861,Nessy,Beardmore,nbeardmorenw@sfgate.com,Female,72.249.139.227
862,Oates,Normington,onormingtonnx@simplemachines.org,Male,106.178.136.186
863,Valencia,Piggrem,vpiggremny@sfgate.com,Female,20.204.147.151
864,Gil,Taillard,gtaillardnz@cargocollective.com,Bigender,110.114.130.206
865,Cullen,Polsin,cpolsino0@jiathis.com,Male,97.112.72.226
866,Margeaux,Fairfull,mfairfullo1@google.it,Female,255.143.154.204
867,Ab,Jarad,ajarado2@w3.org,Male,180.127.24.70
868,Lianne,Dengate,ldengateo3@indiegogo.com,Female,71.161.134.14
869,Tasha,Kildea,tkildeao4@cafepress.com,Female,229.221.175.133
870,Clo,Degli Antoni,cdegliantonio5@usgs.gov,Female,157.229.70.70
871,Linc,Thompstone,lthompstoneo6@paypal.com,Male,114.143.93.195
872,Abey,Lennox,alennoxo7@e-recht24.de,Genderqueer,11.33.242.141
873,Emyle,Bucknell,ebucknello8@google.it,Female,167.59.111.244
874,Conant,Bendall,cbendallo9@exblog.jp,Male,181.20.212.166
875,Barnett,Wrighton,bwrightonoa@4shared.com,Male,216.38.37.227
876,Zsazsa,Le Pruvost,zlepruvostob@imageshack.us,Female,110.43.153.155
877,Niall,Woodley,nwoodleyoc@wikipedia.org,Male,41.171.219.215
878,Sallie,Beekmann,sbeekmannod@ftc.gov,Female,41.217.137.159
879,Salomo,Appleton,sappletonoe@networksolutions.com,Male,202.82.163.150
880,Daffi,Duny,ddunyof@de.vu,Female,210.96.23.213
881,Gilles,Calendar,gcalendarog@imdb.com,Male,51.221.196.75
882,Midge,Venediktov,mvenediktovoh@adobe.com,Female,152.95.205.178
883,Erv,Vakhlov,evakhlovoi@jiathis.com,Male,117.82.166.168
884,Felike,Froschauer,ffroschaueroj@amazon.co.jp,Male,115.135.108.254
885,Merola,Bonelle,mbonelleok@google.cn,Female,226.128.223.141
886,Alexandros,Neward,anewardol@elegantthemes.com,Male,117.53.1.242
887,Clarie,Gogerty,cgogertyom@exblog.jp,Genderqueer,111.196.139.75
888,Feodora,Dudny,fdudnyon@umn.edu,Female,239.89.192.176
889,Arvin,Quibell,aquibelloo@toplist.cz,Genderqueer,185.175.145.129
890,Grady,Flood,gfloodop@opera.com,Male,145.107.255.67
891,Leopold,Argile,largileoq@slate.com,Male,36.33.23.187
892,Jose,Piddlesden,jpiddlesdenor@imgur.com,Non-binary,72.92.232.155
893,Caro,Cromer,ccromeros@dell.com,Female,116.113.159.97
894,Bartel,Peasegod,bpeasegodot@canalblog.com,Male,18.147.4.102
895,Eduino,Fears,efearsou@list-manage.com,Male,128.165.67.45
896,Florentia,Breddy,fbreddyov@unblog.fr,Polygender,171.51.192.252
897,Harlan,Forber,hforberow@oracle.com,Male,136.120.50.250
898,Cosette,Edgeller,cedgellerox@a8.net,Female,76.203.152.245
899,Estell,Hawking,ehawkingoy@seesaa.net,Female,99.35.140.191
900,Thayne,Fyfield,tfyfieldoz@miibeian.gov.cn,Male,107.50.21.227
901,Launce,Bardwall,lbardwallp0@hibu.com,Genderfluid,213.247.163.146
902,Nariko,Goldin,ngoldinp1@nih.gov,Female,86.132.102.240
903,Virginie,Crampsy,vcrampsyp2@ow.ly,Female,203.64.34.146
904,Pennie,Brigstock,pbrigstockp3@yolasite.com,Female,49.86.80.8
905,Bondy,Caffery,bcafferyp4@amazonaws.com,Non-binary,145.148.136.173
906,Lilyan,Steutly,lsteutlyp5@chicagotribune.com,Female,132.76.147.163
907,Tadeas,Lyons,tlyonsp6@mysql.com,Male,107.181.42.169
908,Bobinette,Allsebrook,ballsebrookp7@admin.ch,Female,100.219.214.151
909,Cristie,Pitkin,cpitkinp8@nature.com,Female,180.45.6.10
910,Rod,Groneway,rgronewayp9@sohu.com,Male,110.208.155.83
911,Rudolph,Smallsman,rsmallsmanpa@sun.com,Male,68.53.41.29
912,Homer,Dommerque,hdommerquepb@tinypic.com,Male,189.18.150.215
913,Dilly,Kemery,dkemerypc@istockphoto.com,Male,88.26.199.214
914,Norbert,McMullen,nmcmullenpd@chronoengine.com,Male,77.213.118.80
915,Osborn,Pegden,opegdenpe@edublogs.org,Male,28.253.151.20
916,Maggy,Lodewick,mlodewickpf@earthlink.net,Bigender,73.238.96.49
917,Farrah,Keddle,fkeddlepg@angelfire.com,Female,66.252.59.211
918,Mag,Sreenan,msreenanph@cnn.com,Female,201.118.47.39
919,Shani,Giottini,sgiottinipi@nifty.com,Female,107.114.70.222
920,Berti,Jedrzaszkiewicz,bjedrzaszkiewiczpj@meetup.com,Non-binary,152.87.110.97
921,Jodee,Coenraets,jcoenraetspk@e-recht24.de,Female,241.87.180.26
922,Mylo,De Normanville,mdenormanvillepl@squarespace.com,Male,63.126.104.216
923,Natividad,Stronghill,nstronghillpm@sohu.com,Female,39.165.126.68
924,Trace,Embleton,tembletonpn@delicious.com,Male,151.175.89.15
925,Guillema,Pickersail,gpickersailpo@nps.gov,Female,129.68.135.153
926,Nollie,Guiduzzi,nguiduzzipp@themeforest.net,Male,71.144.178.17
927,Riva,Readwing,rreadwingpq@wordpress.org,Female,144.0.205.50
928,Sophronia,Ashlee,sashleepr@mozilla.org,Female,157.135.176.237
929,Cullie,Gauntlett,cgauntlettps@is.gd,Male,213.150.78.37
930,Lissie,Allchorn,lallchornpt@pbs.org,Female,18.243.251.149
931,Jehanna,Spolton,jspoltonpu@facebook.com,Female,45.165.144.254
932,Yankee,Stapleford,ystaplefordpv@ovh.net,Non-binary,183.56.44.50
933,Jules,Fawkes,jfawkespw@guardian.co.uk,Male,49.51.71.160
934,Leona,Lohde,llohdepx@washington.edu,Female,126.25.242.102
935,Temp,Fosh,tfoshpy@w3.org,Male,254.169.174.193
936,Peyter,Wilkinson,pwilkinsonpz@vkontakte.ru,Male,130.219.153.177
937,Rakel,Duchenne,rduchenneq0@desdev.cn,Female,242.138.102.251
938,Ervin,Rickesies,erickesiesq1@who.int,Male,87.1.15.225
939,Leona,Zima,lzimaq2@furl.net,Female,120.217.102.178
940,Montague,Scoular,mscoularq3@arizona.edu,Male,137.80.3.241
941,Georg,Portugal,gportugalq4@typepad.com,Male,26.144.135.1
942,Lynna,Ciccone,lcicconeq5@plala.or.jp,Female,53.150.157.39
943,Ricki,Blencowe,rblencoweq6@noaa.gov,Genderqueer,105.227.53.242
944,Danella,Bortolazzi,dbortolazziq7@etsy.com,Female,34.147.249.79
945,Erich,Cuppleditch,ecuppleditchq8@4shared.com,Male,68.57.204.161
946,Lennard,Tooth,ltoothq9@altervista.org,Genderqueer,20.35.76.0
947,Travis,Nutter,tnutterqa@wiley.com,Male,220.140.2.134
948,Alwyn,Stirling,astirlingqb@forbes.com,Male,92.154.156.189
949,Judd,Askell,jaskellqc@list-manage.com,Male,215.49.191.145
950,Ximenes,Maton,xmatonqd@google.de,Male,126.237.10.141
951,Rea,Quiney,rquineyqe@oakley.com,Female,120.77.157.201
952,Ancell,Daintree,adaintreeqf@independent.co.uk,Male,224.100.144.242
953,Burke,Congram,bcongramqg@about.com,Male,112.217.36.118
954,Milka,Scoyles,mscoylesqh@ucoz.com,Female,125.66.129.186
955,Stephie,Meininger,smeiningerqi@geocities.com,Female,152.215.159.14
956,Crawford,Langridge,clangridgeqj@4shared.com,Male,173.84.59.168
957,Bern,Ewdale,bewdaleqk@mayoclinic.com,Male,57.103.165.16
958,Teddie,Venditto,tvendittoql@networksolutions.com,Female,192.75.122.138
959,Dew,Stanfield,dstanfieldqm@jiathis.com,Non-binary,42.196.33.35
960,Benedetto,Beine,bbeineqn@ifeng.com,Male,220.233.199.241
961,Reilly,Dandie,rdandieqo@abc.net.au,Male,214.41.163.84
962,Deonne,Kettlestringes,dkettlestringesqp@ucsd.edu,Female,230.117.23.152
963,Hillyer,Gottschalk,hgottschalkqq@admin.ch,Male,6.106.136.24
964,Luca,Ettles,lettlesqr@mapy.cz,Male,26.153.196.6
965,Charmaine,Rosin,crosinqs@mtv.com,Female,183.69.95.23
966,Marcel,Stocken,mstockenqt@goodreads.com,Male,202.121.166.230
967,Olly,MacRierie,omacrieriequ@cam.ac.uk,Genderfluid,71.23.155.236
968,Hanan,Teall,hteallqv@ed.gov,Male,118.199.67.237
969,Andres,Dabbes,adabbesqw@arstechnica.com,Male,32.64.200.31
970,Virgie,Muttitt,vmuttittqx@aboutads.info,Male,5.65.98.47
971,Robbi,Gannon,rgannonqy@creativecommons.org,Female,117.46.212.202
972,Thomasina,Imm,timmqz@i2i.jp,Female,189.128.28.204
973,Bambi,Barks,bbarksr0@fda.gov,Female,39.133.121.251
974,Ilka,Gobell,igobellr1@goo.gl,Non-binary,40.194.79.107
975,Inness,Talbot,italbotr2@ca.gov,Male,79.233.166.250
976,Florence,Crossingham,fcrossinghamr3@mozilla.com,Female,203.229.135.177
977,Millard,Dust,mdustr4@fda.gov,Male,5.242.43.69
978,Iorgo,Pechet,ipechetr5@unc.edu,Male,249.203.132.197
979,Con,Cardero,ccarderor6@webs.com,Male,119.217.155.190
980,Mary,Studders,mstuddersr7@japanpost.jp,Female,13.20.78.164
981,Fabian,Halstead,fhalsteadr8@cnbc.com,Male,122.97.38.88
982,Jedidiah,Chartre,jchartrer9@aol.com,Male,212.134.175.123
983,Janet,Giuroni,jgiuronira@surveymonkey.com,Female,51.129.196.22
984,Jule,Yarrell,jyarrellrb@devhub.com,Male,227.162.91.228
985,Anders,Reneke,arenekerc@tinyurl.com,Male,168.106.35.72
986,Paxon,Trowsdale,ptrowsdalerd@vimeo.com,Male,154.165.38.247
987,Loni,Rollin,lrollinre@adobe.com,Female,225.228.31.234
988,Ive,Phipard-Shears,iphipardshearsrf@domainmarket.com,Male,253.3.170.236
989,Garvey,Theuff,gtheuffrg@thetimes.co.uk,Male,107.8.154.76
990,Taddeusz,Tufts,ttuftsrh@qq.com,Male,212.45.172.125
991,Bo,Mobbs,bmobbsri@skyrock.com,Polygender,146.250.185.81
992,Eulalie,Pettiford,epettifordrj@list-manage.com,Female,37.30.210.210
993,Kelsy,Keavy,kkeavyrk@desdev.cn,Female,121.145.193.170
994,Hugibert,Payle,hpaylerl@umich.edu,Non-binary,187.44.70.145
995,Constanta,McDirmid,cmcdirmidrm@japanpost.jp,Female,99.223.196.98
996,Giacinta,Cavy,gcavyrn@jimdo.com,Female,218.240.159.28
997,Aymer,Pearsall,apearsallro@creativecommons.org,Genderqueer,123.35.176.240
998,Isacco,Whitney,iwhitneyrp@exblog.jp,Male,205.58.53.30
999,Annadiana,Vagg,avaggrq@princeton.edu,Female,67.139.96.224
1000,Mitchael,Montez,mmontezrr@examiner.com,Male,67.111.44.73
